user_name,password,first_name,last_name,email,address_line_1,address_line_2,city,state,post_code,country
alice01,P@ssw0rd1,Alice,Smith,alice.smith@example.com,123 Main St,,New York,NY,10001,USA
bob22,P@ssw0rd2,Bob,Johnson,bob.johnson@example.com,456 Oak Ave,Apt 2,Los Angeles,CA,90001,USA
charlie33,P@ssw0rd3,Charlie,Williams,charlie.williams@example.com,789 Pine Rd,,Chicago,IL,60601,USA
diana44,P@ssw0rd4,Diana,Brown,diana.brown@example.com,321 Cedar St,Unit 5,Houston,TX,77001,USA
eric55,P@ssw0rd5,Eric,Jones,eric.jones@example.com,654 Maple Dr,,Phoenix,AZ,85001,USA
fiona66,P@ssw0rd6,Fiona,Miller,fiona.miller@example.com,987 Birch Blvd,Suite 10,Philadelphia,PA,19101,USA
george77,P@ssw0rd7,George,Davis,george.davis@example.com,159 Elm St,,San Antonio,TX,78201,USA
hannah88,P@ssw0rd8,Hannah,Garcia,hannah.garcia@example.com,753 Walnut Ln,Floor 3,San Diego,CA,92101,USA
ian99,P@ssw0rd9,Ian,Martinez,ian.martinez@example.com,246 Ash Ct,,Dallas,TX,75201,USA
julia10,P@ssw0rd10,Julia,Rodriguez,julia.rodriguez@example.com,135 Poplar Ave,Apt B,San Jose,CA,95101,USA
kevin11,P@ssw0rd11,Kevin,Hernandez,kevin.hernandez@example.com,864 Spruce St,,Austin,TX,73301,USA
linda12,P@ssw0rd12,Linda,Lopez,linda.lopez@example.com,975 Chestnut Rd,Unit 22,Jacksonville,FL,32099,USA
michael13,P@ssw0rd13,Michael,Gonzalez,michael.gonzalez@example.com,852 Willow Blvd,,Fort Worth,TX,76101,USA
nina14,P@ssw0rd14,Nina,Wilson,nina.wilson@example.com,369 Palm St,Suite 200,Columbus,OH,43085,USA
oscar15,P@ssw0rd15,Oscar,Anderson,oscar.anderson@example.com,147 Redwood Ave,,Charlotte,NC,28201,USA
paula16,P@ssw0rd16,Paula,Thomas,paula.thomas@example.com,258 Cypress Dr,Apt 7,San Francisco,CA,94101,USA
quentin17,P@ssw0rd17,Quentin,Taylor,quentin.taylor@example.com,369 Magnolia St,,Indianapolis,IN,46201,USA
rachel18,P@ssw0rd18,Rachel,Moore,rachel.moore@example.com,741 Dogwood Ln,Floor 4,Seattle,WA,98101,USA
sam19,P@ssw0rd19,Sam,Jackson,sam.jackson@example.com,852 Fir Ct,,Denver,CO,80201,USA
tina20,P@ssw0rd20,Tina,Martin,tina.martin@example.com,963 Hickory St,Apt 9,Boston,MA,02101,USA
